[
  {
    "title": "其他押品",
    "value": "04",
    "key": "04",
    "children": [
      {
        "title": "设施类在建工程",
        "value": "0403",
        "key": "0403",
        "children": [
          {
            "title": "设施类在建工程",
            "value": "040301",
            "key": "040301"
          }
        ]
      },
      {
        "title": "交通运输设备",
        "value": "0402",
        "key": "0402",
        "children": [
          {
            "title": "船舶",
            "value": "040202",
            "key": "040202"
          },
          {
            "title": "铁路",
            "value": "040204",
            "key": "040204"
          },
          {
            "title": "车辆",
            "value": "040201",
            "key": "040201"
          },
          {
            "title": "飞行设备",
            "value": "040203",
            "key": "040203"
          }
        ]
      },
      {
        "title": "出口退税账户",
        "value": "0407",
        "key": "0407",
        "children": [
          {
            "title": "出口退税账户",
            "value": "040701",
            "key": "040701"
          }
        ]
      },
      {
        "title": "无形资产",
        "value": "0408",
        "key": "0408",
        "children": [
          {
            "title": "可转让知识产权中的财产权",
            "value": "040801",
            "key": "040801"
          }
        ]
      },
      {
        "title": "其他",
        "value": "0499",
        "key": "0499",
        "children": [
          {
            "title": "",
            "value": "040999",
            "key": "040999"
          }
        ]
      },
      {
        "title": "机器设备",
        "value": "0401",
        "key": "0401",
        "children": [
          {
            "title": "通用设备",
            "value": "040101",
            "key": "040101"
          },
          {
            "title": "仪器仪表、计量标准器具及量具、衡器",
            "value": "040105",
            "key": "040105"
          },
          {
            "title": "电器设备",
            "value": "040103",
            "key": "040103"
          },
          {
            "title": "电子产品及通信设备",
            "value": "040104",
            "key": "040104"
          },
          {
            "title": "专用设备",
            "value": "040102",
            "key": "040102"
          }
        ]
      },
      {
        "title": "资源资产",
        "value": "0405",
        "key": "0405",
        "children": [
          {
            "title": "探矿权",
            "value": "040502",
            "key": "040502"
          },
          {
            "title": "采矿权",
            "value": "040501",
            "key": "040501"
          },
          {
            "title": "林权",
            "value": "040503",
            "key": "040503"
          }
        ]
      },
      {
        "title": "流动资产",
        "value": "0406",
        "key": "0406",
        "children": [
          {
            "title": "备用信用证",
            "value": "040604",
            "key": "040604"
          },
          {
            "title": "仓单",
            "value": "040602",
            "key": "040602"
          },
          {
            "title": "存货",
            "value": "040601",
            "key": "040601"
          },
          {
            "title": "保函",
            "value": "040605",
            "key": "040605"
          },
          {
            "title": "提单",
            "value": "040603",
            "key": "040603"
          }
        ]
      }
    ]
  },
  {
    "title": "金融质押物",
    "value": "01",
    "key": "01",
    "children": [
      {
        "title": "股票（权）/基金",
        "value": "0101",
        "key": "0101",
        "children": [
          {
            "title": "上市公司股票",
            "value": "010101",
            "key": "010101"
          },
          {
            "title": "非上市公司股票权",
            "value": "010104",
            "key": "010104"
          },
          {
            "title": "上市公司股权",
            "value": "010103",
            "key": "010103"
          },
          {
            "title": "非上市公司股票",
            "value": "010102",
            "key": "010102"
          },
          {
            "title": "基金",
            "value": "010105",
            "key": "010105"
          }
        ]
      },
      {
        "title": "票据",
        "value": "0103",
        "key": "0103",
        "children": [
          {
            "title": "票据",
            "value": "010301",
            "key": "010301"
          }
        ]
      },
      {
        "title": "贵金属",
        "value": "0105",
        "key": "0105",
        "children": [
          {
            "title": "贵金属",
            "value": "010501",
            "key": "010501"
          }
        ]
      },
      {
        "title": "债券",
        "value": "0102",
        "key": "0102",
        "children": [
          {
            "title": "债券",
            "value": "010201",
            "key": "010201"
          }
        ]
      },
      {
        "title": "其他",
        "value": "0199",
        "key": "0199",
        "children": [
          {
            "title": "",
            "value": "010601",
            "key": "010601"
          }
        ]
      },
      {
        "title": "保单",
        "value": "0104",
        "key": "0104",
        "children": [
          {
            "title": "保单",
            "value": "010401",
            "key": "010401"
          }
        ]
      }
    ]
  },
  {
    "title": "应收账款",
    "value": "03",
    "key": "03",
    "children": [
      {
        "title": "农村电网建设与改造工程电费收费权",
        "value": "0303",
        "key": "0303",
        "children": [
          {
            "title": "农村电网建设与改造工程电费收费权",
            "value": "030301",
            "key": "030301"
          }
        ]
      },
      {
        "title": "交易类应收账款",
        "value": "0301",
        "key": "0301",
        "children": [
          {
            "title": "交易类应收账款",
            "value": "030101",
            "key": "030101"
          }
        ]
      },
      {
        "title": "应收租金",
        "value": "0305",
        "key": "0305",
        "children": [
          {
            "title": "应收租金",
            "value": "030501",
            "key": "030501"
          }
        ]
      },
      {
        "title": "其他收费权",
        "value": "0304",
        "key": "0304",
        "children": [
          {
            "title": "电源（发电）项目收费权",
            "value": "030404",
            "key": "030404"
          },
          {
            "title": "旅游景点收费权",
            "value": "030405",
            "key": "030405"
          },
          {
            "title": "提供其他公共服务产生的收费权",
            "value": "030406",
            "key": "030406"
          },
          {
            "title": "通信、网络、有限电视收费权",
            "value": "030402",
            "key": "030402"
          },
          {
            "title": "城市基础设施收费权",
            "value": "030401",
            "key": "030401"
          },
          {
            "title": "学校及医院收费权",
            "value": "030403",
            "key": "030403"
          }
        ]
      },
      {
        "title": "公路收费权",
        "value": "0302",
        "key": "0302",
        "children": [
          {
            "title": "桥梁收费权",
            "value": "030202",
            "key": "030202"
          },
          {
            "title": "渡口收费权",
            "value": "030203",
            "key": "030203"
          },
          {
            "title": "公路收费权",
            "value": "030201",
            "key": "030201"
          }
        ]
      },
      {
        "title": "其他",
        "value": "0399",
        "key": "0399",
        "children": [
          {
            "title": "",
            "value": "030601",
            "key": "030601"
          }
        ]
      }
    ]
  },
  {
    "title": "商用房地产和居住用房地产",
    "value": "02",
    "key": "02",
    "children": [
      {
        "title": "居住用建设用地使用权",
        "value": "0202",
        "key": "0202",
        "children": [
          {
            "title": "居住用地",
            "value": "020201",
            "key": "020201"
          }
        ]
      },
      {
        "title": "商用建设用地使用权",
        "value": "0206",
        "key": "0206",
        "children": [
          {
            "title": "商业用地",
            "value": "020601",
            "key": "020601"
          },
          {
            "title": "工业用地",
            "value": "020602",
            "key": "020602"
          },
          {
            "title": "办公用地",
            "value": "020603",
            "key": "020603"
          }
        ]
      },
      {
        "title": "居住用房地产",
        "value": "0205",
        "key": "0205",
        "children": [
          {
            "title": "居住用房",
            "value": "020501",
            "key": "020501"
          }
        ]
      },
      {
        "title": "房产类在建工程",
        "value": "0203",
        "key": "0203",
        "children": [
          {
            "title": "居住用房产类在建工程",
            "value": "020302",
            "key": "020302"
          },
          {
            "title": "商用房产类在建工程",
            "value": "020301",
            "key": "020301"
          }
        ]
      },
      {
        "title": "其他",
        "value": "0299",
        "key": "0299",
        "children": [
          {
            "title": "",
            "value": "020401",
            "key": "020401"
          }
        ]
      },
      {
        "title": "商用房地产",
        "value": "0201",
        "key": "0201",
        "children": [
          {
            "title": "工业用房",
            "value": "020102",
            "key": "020102"
          },
          {
            "title": "商业用房",
            "value": "020101",
            "key": "020101"
          },
          {
            "title": "办公用房",
            "value": "020103",
            "key": "020103"
          }
        ]
      }
    ]
  }
]
